{"cameraMode":{"drawMode":0,"name":"Shaded","section":"Shading Mode"},"sceneLighting":true,"audioPlay":false,"sceneViewState":{"m_AlwaysRefresh":false,"showFog":true,"showSkybox":true,"showFlares":true,"showImageEffects":true,"showParticleSystems":true,"showVisualEffectGraphs":true,"m_FxEnabled":true},"in2DMode":false,"pivot":{"x":-0.7378175854682922,"y":3.4907801151275636,"z":5.030593395233154},"rotation":{"x":0.0014150426723062993,"y":0.9979714751243591,"z":-0.05894883722066879,"w":0.023955944925546647},"size":1.8059422969818116,"orthographic":true}