{"cameraMode":{"drawMode":0,"name":"Shaded","section":"Shading Mode"},"sceneLighting":true,"audioPlay":false,"sceneViewState":{"m_AlwaysRefresh":false,"showFog":true,"showSkybox":true,"showFlares":true,"showImageEffects":true,"showParticleSystems":true,"showVisualEffectGraphs":true,"m_FxEnabled":true},"in2DMode":false,"pivot":{"x":-5.4898576736450199,"y":1.1832443475723267,"z":6.8898515701293949},"rotation":{"x":-0.01061867456883192,"y":-0.9458747506141663,"z":0.03113047406077385,"w":-0.32281139492988589},"size":1.079054594039917,"orthographic":true}